{
  "model": "Marqo-FashionSigLIP (fashion-tuned) + multi-crop scene matching",
  "catalog_size": 966,
  "pairs_scored": 288,
  "top1": 0.10416666666666667,
  "top5": 0.2048611111111111,
  "top10": 0.2638888888888889,
  "mrr": 0.16164587507084718
}
